me gusta la programacion,Curso Basico
instalacion creacion dispositivo celular personal movil interface camara movimiento automatico matematica robot startup empresa imagen ,Machine Learning
me gusta mucho el aprendizaje automatico que pueden tener las computadoras,Machine Learning
me gustaria hacer programas grandes con base de datos,Servidores
me gusta organizar en equipo,Machine Learning
me gustaria programar videojuegos,Videojuegos
me gusta pintar dibujar colores interfaz,Frontend
algoritmo aprendizaje maquina descifrador,Machine Learning
autenticacion navegador depurador,Servidores
usuario cliente unix,Frontend
navegador web diseno red conexion datos,Frontend
cabeza crecer,Desarrollo movil
actividad armar torre motivo desarrollar idea problema simple vista,Data Science
forma idea negocio,Emprendimiento
actividad hacer torre trabajar equipo,Data Science
construir torre equipo,Data Science
torre cuenta organizacion poder hacer proyecto mejor,Videojuegos
realizar actividad divertido,Desarrollo movil
hacer torre gusto levantar torre grupo,Backend
construir torre equipo trabajar conjunto utilizar lograr objetivo,Data Science
trabajo diferente,Desarrollo movil
trabajar equipo,Emprendimiento
armar prototipo trabajar,Desarrollo movil
actividad experiencia,Emprendimiento
trabajo programa convivir adecuadamente llegar producto final,Emprendimiento
explicar manera,Desarrollo movil
dinamica torre ser poder,Emprendimiento
saber hacer proyecto,Desarrollo movil
torre dinamica,Emprendimiento
idea realizar si limites establecido,Desarrollo movil
dinamica forma,Emprendimiento
dinamica forma,Emprendimiento
disenar torre equilibrio grupo objetivo,Frontend
actividad intentar nunca hecho cuenta,Desarrollo movil
forma punto vista especifico,Frontend
explicacion proyecto creativo,Desarrollo movil
clase gran ayuda brindar,Desarrollo movil
nuevo innovador pensar forma diferente,Desarrollo movil
bien mensaje,Desarrollo movil
equipo cuestionario idea clara vamos hacer vamos interesante manera practica,Emprendimiento
jugar divertido,Videojuegos
trabajar equipo llegar objetivo,Emprendimiento
tema bien,Desarrollo movil
profesor cuenta personas juego,Videojuegos
manera explicar profesor,Desarrollo movil
informacion actividad,Data Science
concepto si programa,Desarrollo movil
crear empresa,Emprendimiento
trabajar equipo actividad inteligencia,Emprendimiento
iniciativa programa forma potenciar mercado competir,Desarrollo movil
escuchar vida real solamente,Videojuegos
gusto clase personas,Desarrollo movil
entusiasmo realizar buen trabajo equipo,Emprendimiento
gusto armar torre pensar encontrar manera torre,Data Science
trabajar equipo lograr,Emprendimiento
trabajar equipo,Emprendimiento
torre alta,Videojuegos
trabajo equipo,Emprendimiento
actividad colectivamente,Desarrollo movil
reto trabajo diferente divertido innovador,Desarrollo movil
saber programa interesante,Desarrollo movil
poder compartir manera aprender,Data Science
dinamico divertido,Desarrollo movil
dinamica torre actividad diferente capacidad trabajar equipo,Machine Learning
dificil divertido dinamico,Desarrollo movil
reto emocionante,Desarrollo movil
trabajar equipo lograr objetivo,Emprendimiento
mayor practica,Desarrollo movil
saber crear idea ser realidad,Realidad Virtual
hacer torre capacidad resolver tomar eficiente objetivo,Data Science
actividad realidad empresa proyecto iniciar cosa siempre vamos tener poder desarrollar cosa caso lograr principio,Realidad Virtual
trabajar equipo,Emprendimiento
poder ver programa ayuda entender proposito hacer,Desarrollo movil
trabajo equipo ayuda mejor aprender,Emprendimiento
gusto conversar futuro,Desarrollo movil
querer hacer cosas par ayudar,Desarrollo movil
explicacion breve actividad dinamica,Emprendimiento
pensar solucionar problema social,Emprendimiento
pensar grupo sociedad,Desarrollo movil
dinamica armar torre solo,Emprendimiento
gusto actividad realizar equipo poder construir torre alta punta,Emprendimiento
lado creativo nunca estructura si arquitectura,Servidores
activo atento asesor comprender tema,Desarrollo movil
idea solucionar tecnologia bien,Servidores
actividad equipo gusto trabajar gente buen trabajo,Emprendimiento
si fuerza,Desarrollo movil
realizacion momento juntos,Desarrollo movil
trabajo grupo,Desarrollo movil
trabajo equipo objetivo finalidad similar,Emprendimiento
trabajar equipo,Emprendimiento
hora armar torre divertido,Data Science
trabajar equipo,Emprendimiento
actividad gran reto,Desarrollo movil
torre divertido comparacion,Videojuegos
trabajo realizar pedido,Desarrollo movil
docente poder realizar,Desarrollo movil
trabajar equipo,Emprendimiento
armar torre trabajo equipo emocion,Data Science
reto pensar equipo,Emprendimiento
trabajo equipo gusto,Emprendimiento
ver poner prueba hacer mundo mejor sencillo,Frontend
trabajar equipo pensar caja buen inicio nuevo proyecto,Machine Learning
organizacion pagina,Emprendimiento
dinamica poder comprender mejor tema explicacion,Emprendimiento
hecho manera simple,Backend
poder entender tener conocimiento,Data Science
desarmar armar paciencia conseguir objetivo,Emprendimiento
saber aplicar emprender idea,Desarrollo movil
interaccion importante,Realidad Virtual
conocer pais importante,Desarrollo movil
trabajo companerismo,Desarrollo movil
gusto poder aprender juego,Videojuegos
clase explicacion resaltar gusto general clase demasia interesante oportunidad aprendizaje,Desarrollo movil
gusto poder tener espacio creativo pensar tener proyecto,Desarrollo movil
gusto dinamica recrear torre,Emprendimiento
ver solucion sacar idea,Desarrollo movil
forma mente poder ver sociedad vida,Desarrollo movil
clase interes tema juntos fin,Desarrollo movil
clase hoy ayuda equipo profesor verdad reflexionar analizar idea proyecto realista tiempo unico posible,Emprendimiento
ejercicio confianza trabajo equipo,Emprendimiento
imposible trabajar equipo,Emprendimiento
paciencia explicar proyecto,Desarrollo movil
momento torre idea original dinamica poder importancia trabajo equipo,Machine Learning
gusto parte objetivo final programa resolver sociedad ayuda tecnologia,Emprendimiento
desafio forma aprender trabajar equipo mejor forma ganar,Data Science
juego trabajar,Videojuegos
creer fuertemente ser util ser alcance gran potencial persona llegar tener,Desarrollo movil
poder establecer producto ayuda profesor haber respecto sacar producto innovador sociedad,Videojuegos
hecho sentir utilizar satisfacer,Desarrollo movil
saber iniciacion,Desarrollo movil
desarrollo explicacion,Backend
metodologia ensenanza,Desarrollo movil
hacer realidad,Realidad Virtual
explicacion curso,Desarrollo movil
aprender curso trata,Data Science
importante servir,Desarrollo movil
interesante pensar proyecto innovador persona,Desarrollo movil
dinamica profesor,Emprendimiento
realizar idea,Desarrollo movil
tener informacion iniciar empresa cuenta solo idea si empresa,Machine Learning
crear idea ayudar sociedad,Desarrollo movil
saber crear innovador,Desarrollo movil
pensar idea buscar cosas,Desarrollo movil
actividad poder pensar tiempo hallar solucion problema,Videojuegos
reto armar torre punto poner prueba,Data Science
vision mundo uso tecnologia emprender definicion,Frontend
clase tranquilamente persona,Desarrollo movil
gusto clase busca proyecto principalmente estudiante,Desarrollo movil
explicar facilidad,Desarrollo movil
personas proyecto nunca realizar gusto ser cierto final,Desarrollo movil
conocer desarrollar,Desarrollo movil
equipo mejor idea solo juntos hacer diferencia,Emprendimiento
dinamico clase mejor manera,Desarrollo movil
gusto dinamica agrado competir,Emprendimiento
aprender trata programa proposito,Data Science
aprender sociedad tener,Data Science
terminar examen,Desarrollo movil
gusto resolver,Desarrollo movil
explicacion entender claramente,Desarrollo movil
facilidad entender concepto tema,Desarrollo movil
gusto forma,Desarrollo movil
gusto saber capacidad facilidad inventar crear decir fundamental emplear empresa,Emprendimiento
aprender realizar empresa,Emprendimiento
dinamica grupo intercambiar colaborar lograr,Emprendimiento
saber teoria futuro,Data Science
saber proyecto dar futuro trabajo,Desarrollo movil
saber manejo mercado guiar,Desarrollo movil
reto malvavisco trabajar equipo torre alta,Data Science
poder conocer formar negocio tener dinero lograr tecnologia tiempo,Emprendimiento
servir futuro,Desarrollo movil
hacer torre fideo,Data Science
exponer ver,Desarrollo movil
gusto forma encontrar problema encontrar empresa personas,Emprendimiento
actividad equipo mejor,Emprendimiento
actividad dinamica,Emprendimiento
gusto actividad cuenta comunicacion observacion clave hora trabajar equipo,Desarrollo movil
trabajar grupo,Desarrollo movil
final aplicar paso final,Desarrollo movil
aprender hablar,Data Science
parte especial clase general agradable,Desarrollo movil
trabajar equipo bajo presion,Emprendimiento
simple cuenta relacion trabajar equipo pensar,Backend
unico objetivo seguir base proyecto,Servidores
gusto explicacion profesor,Desarrollo movil
trabajo equipo ver grupo,Emprendimiento
ver crear negocio solo mano computador hoy dia movilizarse centro trabajo computador hacer trabajo casa,Emprendimiento
clase gusto dos lograr hacer torre,Data Science
gusto actividad manera ensenar,Desarrollo movil
gusto conocer conocer proyecto importante trata crear negocio,Desarrollo movil
interesante poder aplicar sociedad,Desarrollo movil
saber aprender,Data Science
saber fundamental decidido ir,Desarrollo movil
tema clase hoy gusto interesante,Desarrollo movil
cosas futuro,Desarrollo movil
aprender mundo tecnologico actividad cabo,Curso Basico
hacer experiencia importancia experimentar,Emprendimiento
gusto actividad final construir torre complicado gracioso tiempo mejorar trabajo equipo,Data Science
idea poder proyecto,Desarrollo movil
gusto clase hoy idea poder proyecto,Desarrollo movil
gusto plataforma digital rapido idea poder proyecto,Videojuegos
forma interaccion forma,Realidad Virtual
hacer entender oportunidad decir poder solo claramente hacer hacer momento si trabajo,Desarrollo movil
gusto clase hoy poder llegar conocer gusto saber problema poder llegar ser resuelto simple idea futuro empresa,Desarrollo movil
hecho manera poder entender claramente consistir programa,Desarrollo movil
gusto actividad descubrir hacer torre poder lograr objetivo,Data Science
gusto clase hoy proceso mencionar observar tecnologia hablar tour premio,Machine Learning
profesor bien,Desarrollo movil
parte tener grupo,Desarrollo movil
programa utilizacion,Desarrollo movil
gusto dia hoy actividad buscar poder llegar objetivo,Emprendimiento
cantidad informacion profesor,Data Science
aprender traer,Data Science
plan trabajar equipo dinamico trabajo divertido,Emprendimiento
gusto poder aplicacion producto personas,Frontend
clase general debido cosas perspectiva idea,Desarrollo movil
servir proyecto,Desarrollo movil
tema desarrollo clase interesante,Backend
lluvia grupo propuesta aplicacion,Desarrollo movil
forma clase entender manera mundo,Frontend
manera clase forma entender proyecto,Desarrollo movil
gusto interesante,Desarrollo movil
gusto dinamica,Emprendimiento
actividad investigar,Desarrollo movil
manera dinamica bien final clase,Emprendimiento
trabajo equipo manera poder,Emprendimiento
si original,Desarrollo movil
divertido ver hacer,Desarrollo movil
dinamica clase,Emprendimiento
profesor buen ejemplo trabajo equipo,Emprendimiento
equipo solucionar problema,Emprendimiento
reto final,Desarrollo movil
ayudar conocer finalidad,Desarrollo movil
perder tiempo literal,Servidores
conocer fondo proyecto poder conocer detalles proceso saber llegar ser util,Data Science
saber programa simple hecho presentar idea personas idea justamente,Backend
introduccion motivacion tema hacer posible hacer mejor,Desarrollo movil
intentar hacer torre,Data Science
dinamica clase aprender clase si constantemente aportar satisfactorio,Emprendimiento
profesor especifico conocer correctamente confianza,Desarrollo movil
gusto interes impuesto profesor clase contenido entender mercado,Frontend
formular ver aplicacion crear,Desarrollo movil
gusto interaccion profesor dia hoy,Realidad Virtual
conocer competencia dia hoy proyecto,Desarrollo movil
profesor resolver,Desarrollo movil
entender manera bueno tener prototipo idea clara poder,Desarrollo movil
trabajo equipo,Emprendimiento
reto verdad hacer,Desarrollo movil
profesor paciencia proyecto,Desarrollo movil
gusto manera explicar facil entender,Frontend
actividad entrada,Machine Learning
poder conocer curso poder compartir,Desarrollo movil
atencion divertido,Desarrollo movil
tema interesante,Desarrollo movil
poder conocer programa,Desarrollo movil
ayuda carrera,Desarrollo movil
conocer programa,Desarrollo movil
conocer programa,Desarrollo movil
ver manera dinamica,Emprendimiento
presentacion curso curso servir futuro,Emprendimiento
presentacion curso futuro,Emprendimiento
video ejemplo proyecto,Desarrollo movil
video implementacion tema,Desarrollo movil
conocer conocimiento programa,Data Science
poder saber programa hacer buen trabajo,Desarrollo movil
sesion idea crear programa grupo,Servidores
parte hacer creativo torre,Data Science
manejar proyecto,Desarrollo movil
mundo empresarial,Frontend
gusto clase hoy aprender,Data Science
manera relacionar diario,Desarrollo movil
actividad mejor saber persona,Desarrollo movil
entender trabajo realizar programa tener claro avanzar proyecto,Desarrollo movil
explicacion mentor hora explicar mejor informacion,Servidores
entrada medir fundamentos gestion empresarial,Machine Learning
oportunidad trabajar equipo poder hacer torre alta estable proponer,Emprendimiento
uso innovacion desarrollo emprendedor,Backend
trabajo equipo unir realizar buen trabajo,Emprendimiento
gusto saber ser gracias,Desarrollo movil
actividad interesante trabajar equipo,Emprendimiento
trabajar equipo,Emprendimiento
equipo union fuerza,Emprendimiento
trabajo dinamico presion trabajar mano,Desarrollo movil
gusto crear desarrollo avance resolver,Backend
parte dinamica cuenta equipo,Emprendimiento
utilizar aprendizaje mayor logro,Machine Learning
gusto coordinacion grupo construir torre mando profesor prueba ingenio justo sesion,Videojuegos
saber interesante,Desarrollo movil
hecho aprender maravilloso proyecto,Data Science
dinamismo compartir gracias entender mejor trata programa,Desarrollo movil
explicacion profesor,Desarrollo movil
gusto exactamente importancia marketing origen base empezar idea negocio,Servidores
hacer juntos plantear situacion,Desarrollo movil
alegria profesor tener vista proyecto,Frontend
clase general inspirador,Desarrollo movil
dar usar imaginacion,Machine Learning
curso divertido,Desarrollo movil
saber llegar gente producto saber claridad servicios crear,Backend
dinamica clase,Emprendimiento
jugar crear torre,Videojuegos
dinamica manejo informacion parte persona,Emprendimiento
profesor perfectamente programa ademas buscar prototipo,Desarrollo movil
si bien cosas ver cosas,Desarrollo movil
dinamica manejo informacion adecuada,Emprendimiento
hacer trabajo,Desarrollo movil
mundo complejo madurar,Frontend
saber claridad estructura dictado clase,Desarrollo movil
gusto explicacion cabo idea,Desarrollo movil
explicacion ganar ganancia medio internet,Desarrollo movil
mejor programa,Desarrollo movil
humor profesor,Desarrollo movil
consistir programa tener idea clara vamos hacer creer,Desarrollo movil
trabajo equipo,Emprendimiento
verdad aprender si alcanzar objetivo,Emprendimiento
aprender futuro,Data Science
hora importante,Desarrollo movil
explicacion entender,Desarrollo movil
poder saber programa,Desarrollo movil
forma ayuda,Desarrollo movil
siempre ayuda mejorar punto vista,Desarrollo movil
actividad comprender valioso equipo,Emprendimiento
cuenta profesor tema,Desarrollo movil
demostrar lograr trabajar equipo,Emprendimiento
gusto reto torre estable,Data Science
verdad ver objetivo,Emprendimiento
grupo sacar ser plan negocio,Emprendimiento
interesante proposito,Desarrollo movil
explicacion clase facil entendimiento tema,Frontend
bien equilibrio,Desarrollo movil
trabajo trabajo mejor,Desarrollo movil
funcionamiento programa,Desarrollo movil
actividad grupo,Desarrollo movil
forma q hacer cosa principal,Desarrollo movil
dinamica sesion desafio grupo solo charla objetivo programa,Servidores
poder analizar sociedad,Desarrollo movil
desafio divertido jugar junto,Videojuegos
trabajar equipo,Emprendimiento
gusto entender poder ir problema pais intentar resolver,Desarrollo movil
dinamica divertido grupo,Emprendimiento
poder explotar agregar contenido producto conocer mercado entender pasar proyecto,Frontend
reto ver,Desarrollo movil
programa hacer realidad,Realidad Virtual
incentivo ayuda poder generar idea ayuda saber fallar mejorar idea,Desarrollo movil
gusto si,Desarrollo movil
programa valioso,Desarrollo movil
programa importante verdad interesante,Desarrollo movil
grupo formar torre alta,Data Science
juntos hacer buen trabajo,Desarrollo movil
extraer gran programa valioso iniciarse,Desarrollo movil
informacion respecto,Data Science
gusto paciencia invitado claridad facil comprension incentivo equipo querer seguir parte programa,Frontend
explicacion proyecto vamos hacer,Desarrollo movil
fondo negocio rentable tener,Emprendimiento
iniciativa traer colegio tema,Desarrollo movil
herramienta ayuda resolver tipo,Desarrollo movil
reto divertido,Desarrollo movil
manera explicar,Desarrollo movil
idea nuevo programa colegio,Desarrollo movil
conocer conocimiento claramente esencial tener base programa,Data Science
clase hoy interaccion actividad parte aprender cosas adelante servir futuro lejano,Realidad Virtual
descubrir importancia saber increible forma,Desarrollo movil
gusto aprender,Data Science
actividad divertido,Desarrollo movil
hecho decidir proyecto grupo llegar empezar gran empresa,Emprendimiento
aprender programa programa,Data Science
gusto cuenta ser facilmente tecnologia,Servidores
juego construir torre dinamico atencion tema,Videojuegos
idear forma hacer torre alta fideo punta trabajar equipo apoyar complementar,Data Science
crear torre cuenta grupo,Data Science
trabajo torre cuenta llevar,Data Science
aprender marketing prototipo producto saber hacer negocio rentable tecnologia,Backend
aclarar si bien cierto clase cosas personas mayoria cosas saber ayuda resolver mejor futuro,Desarrollo movil
manera proyecto,Desarrollo movil
gusto video ver mejor realidad personas hacer ser mejorar cosas cambio gracias imaginacion si bien,Realidad Virtual
entender sesion,Servidores
buen trabajo equipo base proyecto,Servidores
idea profesor hacer manera,Desarrollo movil
dinamismo resolucion,Desarrollo movil
gusto grupo apoyo minimo,Data Science
torre cuenta equipo llevar proyecto,Videojuegos
explicacion tema,Desarrollo movil
forma explicar encargado colegio,Desarrollo movil
clase gusto,Desarrollo movil
torre alcanzar ver persistencia negocio,Data Science
aprender trabajar equipo,Emprendimiento
gusto hecho poder crear idea contribuir sociedad,Desarrollo movil
introduccion programa actividad romper hielo empezar programa manera,Desarrollo movil
ver modelo presupuesto ambito economico interesante,Machine Learning
explicacion profesor poder emprender,Desarrollo movil
reto dinamico,Desarrollo movil
gusto forma profesor clase si,Desarrollo movil
concepto clase programa ahora bueno forma aprender,Servidores
tema tema forma seriedad,Desarrollo movil
objetivo aprender tecnologico desarrollar apoyo,Emprendimiento
poder resolver,Desarrollo movil
saber tecnologia herramienta primordial solucionar hoy mundo vez,Machine Learning
gusto planear forma ser proyecto proyecto,Desarrollo movil
confianza poder empezar negocio,Emprendimiento
saber concepto finalidad programa,Desarrollo movil
explicacion hacer,Desarrollo movil
juego profesor preocupacion tener idea,Videojuegos
poder conocer modelo producto servicio,Machine Learning
poder armar torre,Data Science
alguien llegar gran negocio solo simple,Emprendimiento
poder tener mejor nocion,Desarrollo movil
manera podre ayudar sociedad,Desarrollo movil
interaccion exponente clase interesante,Realidad Virtual
reto trabajar equipo saber victoria sencillo,Emprendimiento
clase interesante bien,Desarrollo movil
si abrir imaginacion crear proyecto,Desarrollo movil
bueno clase cosas,Desarrollo movil
forma trabajar forma,Desarrollo movil
gusto idea torre actividad interesante,Data Science
clase vez,Desarrollo movil
clase vez carrera,Desarrollo movil
charla reto,Desarrollo movil
conocer hacer torre alta,Data Science
idea trabajo equipo,Emprendimiento
colegio obligatorio hacer curso,Desarrollo movil
hacer estructura divertido,Desarrollo movil
informacion modelo util futuro,Machine Learning
cantidad informacion saber,Data Science
hablar grupo trabajo hacer volar mente creacion producto l adelante marcha,Emprendimiento
gusto clase aprender motivo hacer proyecto,Data Science
oportunidad construir torre,Data Science
sistema simple comprensible,Backend
importancia trabajar equipo grupo idea construccion pie ademas imposible contar poder hacer cosas vez,Emprendimiento
publicidad pagar empresa publicidad,Emprendimiento
equipo frente,Emprendimiento
gusto tema nunca nino ganar gracioso interesante ser cosas,Desarrollo movil
aprender trabajar equipo,Emprendimiento
pensar impacto solucionar sociedad ayuda cuestionar idea,Desarrollo movil
comenzar idea producto poner mesa,Videojuegos
cosas claro clase ver presentacion plataforma,Frontend
hecho tener investigar cerca marketing presupuesto prueba entrada,Desarrollo movil
programa generar gran impacto hoy dia vez motivar,Desarrollo movil
estrategia explicar importancia prototipo,Data Science
conocer programa,Desarrollo movil
orientar crear realizar proyecto,Desarrollo movil
aprender cosas futuro inteligencia,Frontend
saber vamos crear sociedad,Desarrollo movil
hacer interesante,Desarrollo movil
gusto actividad grupo generar solucionar problema,Desarrollo movil
poder tener oportunidad crear idea negocio utilizar tecnologia tecnologia experiencia cubrir hoy dia hacer,Data Science
excelente explicacion profesor,Desarrollo movil
clase hoy,Desarrollo movil
punto aire,Desarrollo movil
poder aclarar profesor debido dispuesto responder frente complejidad proyecto ser nuevo,Desarrollo movil
divertido usar ingenio resolver problema,Machine Learning
divertido tratar pensar alternativa construccion,Desarrollo movil
idea hacer grupo,Desarrollo movil
gran ayuda,Desarrollo movil
explicacion entender tema,Desarrollo movil
mente mejorar cosas,Desarrollo movil
vez nuevo hablar,Desarrollo movil
realizar reto,Desarrollo movil
manera basico marketing digital tema ahora primordial,Videojuegos
alguien duda lograr,Desarrollo movil
gusto igual preferencia,Desarrollo movil
gusto presentacion explicacion,Frontend
ensenanza idea empresarial m mejorar grande llegar ser mejor q,Machine Learning
solucion vida,Desarrollo movil
m bonito,Machine Learning
solo clase introduccion,Desarrollo movil
saber si grupo buen trabajo buenas,Desarrollo movil
ahora servir futuro,Desarrollo movil
bien cosas,Desarrollo movil
poder aprender trata programa podre entender momento,Data Science
chico vino,Desarrollo movil
practica tener,Desarrollo movil
actividad trabajar equipo divertido,Emprendimiento
conocer ayuda crear cambio bien sociedad,Desarrollo movil
manera interaccion audiencia,Realidad Virtual
gracias entender realizar marketing,Desarrollo movil
profesor paciencia,Desarrollo movil
verdad gusto,Desarrollo movil
tema interesante,Desarrollo movil
explicacion eduardo dinamica,Emprendimiento
investigar cuenta ser emprendedor si,Desarrollo movil
saber encontrar proyecto,Desarrollo movil
dar poder comenzar,Desarrollo movil
gente mente grupo muestra comunicacion participacion,Desarrollo movil
actividad grupo,Desarrollo movil
pelicula atencion,Desarrollo movil
lado visualizar aclarar manera simple ademas poder equipo compartir,Machine Learning
trabajar equipo,Emprendimiento
mena busqueda participacion,Data Science
explicacion decir,Desarrollo movil
gusto poder grupo poder dar lograr destacar mejor,Desarrollo movil
poder encontrar problema buscar,Desarrollo movil
momento compartir equipo juntos plantear gran potencial,Emprendimiento
desarrollar proyecto s ayuda base iniciar,Servidores
hacer torre,Data Science
dinamica mejor reflexion,Emprendimiento
compartir conocer mejor,Desarrollo movil
trabajar equipo crear servicio producto nuevo,Servidores
crear producto propio imaginario entender mejor idea,Videojuegos
trabajo equipo ayuda,Emprendimiento
hacer proyecto poder poner parte,Desarrollo movil
charla dinamica,Emprendimiento
profesor idea punto vista,Frontend
profesor corregir,Desarrollo movil
planteamiento d idea futuro exitoso,Desarrollo movil
preparado participar proyecto,Desarrollo movil
encontrar idea base solo falta pulir,Servidores
iniciativa crear empresa,Emprendimiento
hacer clase,Desarrollo movil
explicacion profesor apoyo resolver proyecto,Desarrollo movil
profesor saber poder mejorar,Desarrollo movil
ampliar toque personal,Desarrollo movil
ejemplo personas gracias base idea empresa,Servidores
definicion forma entender desarrollar,Desarrollo movil
gusto clase hacer aplicacion,Desarrollo movil
investigar conocer interesante,Desarrollo movil
investigar origen simple,Backend
vida mostrar palabras,Desarrollo movil
gusto poder participar manera,Desarrollo movil
ejemplo iniciativa,Desarrollo movil
explicacion idea producto ejecucion equipo entender si aspecto lograr manera proyecto,Videojuegos
gusto grupo,Desarrollo movil
subir nivel,Desarrollo movil
respecto hacer organizacion equipo distribuir tiempo trabajo lograr,Emprendimiento
intercambiar llenar conocimiento ampliar pensamiento,Data Science
crear tener idea proyecto,Desarrollo movil
super conocer cosas hoy dia,Desarrollo movil
entender producto idea equipo ejecucion,Videojuegos
compartir equipo bien,Emprendimiento
trabajo mejorar producto existente,Videojuegos
vida real mejor idea,Realidad Virtual
super dinamica forma participar,Emprendimiento
concepto equipo,Emprendimiento
investigar grande,Desarrollo movil
entender hoy,Desarrollo movil
disenar producto,Frontend
aprender empresa compania hacer crecer negocio,Emprendimiento
conocer tan,Desarrollo movil
investigar historia,Desarrollo movil
participacion grupo,Desarrollo movil
actividad conocer,Desarrollo movil
descubrir metodologia buen servir hora crear,Desarrollo movil
cosas ayuda entender,Desarrollo movil
ligero monotonia,Desarrollo movil
gusto ayudar entender mejor concepto,Desarrollo movil
si si producto equipo idea,Videojuegos
parte empresa,Emprendimiento
poder grupo hacer mejor realizacion empresa,Emprendimiento
gusto importancia muestra hacer llegar traer,Desarrollo movil
forma explicar ejecucion organizacion general,Emprendimiento
producto hacer idea,Frontend
tema aprender inicio idea,Data Science
explicacion tema,Desarrollo movil
poder crear base,Servidores
hablar grupo,Desarrollo movil
clase poder equipo decidir servicio realizar solo trabajar equipo,Servidores
gusto clase aclarar,Desarrollo movil
gusto clase hoy aprender servir vida,Data Science
cosas servir vida,Desarrollo movil
aprender saber seleccionar buen equipo proyecto,Emprendimiento
cosas siempre hablar nunca detalle,Desarrollo movil
gusto poder aprender especificamente importancia equipo cuidadosamente seleccionado asegurar exito empresa,Data Science
fin saber exactamente junto siempre,Desarrollo movil
poder ver cosas fantasia ser nino cosas realidad cosas tan aprender ver cosas grande burbuja,Frontend
programa ver importante hacer,Desarrollo movil
explicacion profesor,Desarrollo movil
pensar cuenta momento futuro,Desarrollo movil
informativo dinamico,Desarrollo movil
encuentro util,Desarrollo movil
perspectiva dar idea realidad llegar futuro,Realidad Virtual
dinamica clase mejor comprension tema,Emprendimiento
hoy clase tema,Desarrollo movil
clase haber hacer proyecto,Desarrollo movil
producto servicio,Servidores
forma profesional mejorar,Desarrollo movil
aprender digital,Videojuegos
buscar cuenta si llegar esfuerzo,Desarrollo movil
contar inicio conocimiento,Data Science
poder descubrir ahora seguir adelante proyecto,Desarrollo movil
profesor seguir aprendizaje,Machine Learning
poder dibujar hacer mejorar idea,Desarrollo movil
trabajo equipo,Emprendimiento
ser momento crear producto solucionar gran problema,Frontend
actividad juego,Videojuegos
hacer producto creativo tema asignado,Videojuegos
general puntos sesion forma ademas puntos,Servidores
equipo dificil trabajar grupo buenas,Emprendimiento
gusto interaccion tubo profesor,Realidad Virtual
actividad clase,Desarrollo movil
ser emprendedor nunca palabra,Desarrollo movil
trabajo equipo,Emprendimiento
aplicar mundo real,Realidad Virtual
clase dinamica,Emprendimiento
parte idea proyecto cuenta producto,Data Science
aprender podre hacer proyecto seguir,Data Science
crear pensar hacer proyecto,Desarrollo movil
redactar problema pais ver realidad,Realidad Virtual
hacer ver,Desarrollo movil
gusto bien organizado,Desarrollo movil
puta madre si madre,Desarrollo movil
oportunidad aprender,Data Science
concepto poder definir bien comenzar empresa,Emprendimiento
aprender cosas,Data Science
preparar elegir grupo trabajo,Desarrollo movil
aprender entender claridad objetivo interesante,Emprendimiento
historia comienzo google cuenta gran idea esfuerzo dedicacion igual suerte,Desarrollo movil
gusto optimismo llegar ser,Desarrollo movil
trabajar equipo pensar idea reto,Emprendimiento
producto ejecucion bueno tema,Frontend
planificacion resolver,Desarrollo movil
aprender muestra forma crear empresa ser campo poder ser,Emprendimiento
manera crear idea,Desarrollo movil
forma explicacion,Desarrollo movil
tema habla interesante,Frontend
historia hoy,Desarrollo movil
gusto explicacion ejecucion importante,Desarrollo movil
planteamiento proyecto,Desarrollo movil
poder resolver proyecto mejor,Desarrollo movil
forma bulla cosa entonces escuchar claro profesor,Desarrollo movil
gusto lanzar,Desarrollo movil
forma dinamica clase,Emprendimiento
gusto tema manera entender mejor ver realidad ejemplo alguien exitoso chico,Frontend
aprender hacer,Data Science
aprender hacer buen,Data Science
gusto clase aprender,Data Science
concentrar vaya base necesidad eficiente ayuda problema mundo defecto,Servidores
idear innovacion,Desarrollo movil
gusto historia producto hacer idea trabajo equipo importante vital realizar empresa,Videojuegos
gusto clase poder saber conocer fin proyecto alcanzar finalizar sacar mercado producto,Desarrollo movil
explicacion profesor,Desarrollo movil
entender proyecto empresa,Emprendimiento
lograr exito,Desarrollo movil
saber crear,Desarrollo movil
poder tener idea final proyecto,Desarrollo movil
ser innovador,Desarrollo movil
trabajar equipo dinamico,Emprendimiento
vez clase,Desarrollo movil
conocer profundidad manera formar mejor idea negocio producto equipo ejecucion idea,Data Science
profesor solo material docente,Desarrollo movil
explicacion clase clara,Desarrollo movil
clase utilizado aprendizaje,Machine Learning
dinamica comprender facilmente tema,Emprendimiento
aprender necesario empezar hacer idea apoyo,Data Science
gusto parte social super importante,Emprendimiento
trabajo equipo grupo obtener experiencia juntos,Emprendimiento
si buenas duda,Desarrollo movil
saber seguir hacer,Desarrollo movil
cosas curso empresa gestion,Machine Learning
poder resolver tema nuevo saber espera sentir,Desarrollo movil
saber dar publicidad producto,Frontend
cosas genial,Desarrollo movil
entender tema,Desarrollo movil
mejorar puntos alto,Desarrollo movil
aprender hacer ahondar idea proyecto llevar cabo,Data Science
saber interesante,Desarrollo movil
gusto explicacion clara crear exito,Desarrollo movil
parte ejecucion puesta practica idea interesante,Desarrollo movil
saber ser equipo,Emprendimiento
gusto caracteristica poseer crear producto,Data Science
madurar idea cuenta,Desarrollo movil
manera principio clara idea,Desarrollo movil
salud asistir clase ver tema nuevo tratado disipar,Desarrollo movil
manera futuro,Desarrollo movil
gusto idea negocio desarrollo,Videojuegos
organizar exito,Emprendimiento
explicacion programa,Desarrollo movil
idea agrandarse desarrollo proyecto,Backend
profesor clase aprender sesion,Servidores
enfoque tener proyecto,Desarrollo movil
aclarar trata jueves idea poder crear personas,Desarrollo movil
gusto emprendedor habla si,Frontend
caso clase hoy muchisimo anterior cumplir ademas plantear mejor plan negocio,Desarrollo movil
hacer idea proyecto,Desarrollo movil
dinamica curso facil,Emprendimiento
gusto verdad,Desarrollo movil
forma aprendizaje sencillo,Machine Learning
mejor explicacion,Desarrollo movil
manera facil,Frontend
manera tener,Desarrollo movil
forma hoy entender,Desarrollo movil
producto equipo comprender significado,Emprendimiento
comprender tema,Desarrollo movil
forma explicar facilidad,Desarrollo movil
manera facil,Frontend
vez cerca tener,Desarrollo movil
aprender ejecutar proyecto,Data Science
informacion apoyo dar empezar proyecto empresa,Data Science
llegar hacer,Desarrollo movil
aprender ejecucion,Data Science
gusto manera facil entender,Frontend
gusto manera entender,Desarrollo movil
explicacion tema comprensible proceso realizar proyecto,Machine Learning
lluvia proyecto,Desarrollo movil
interesante orador bien,Desarrollo movil
gusto parte palabra saber,Desarrollo movil
capacidad transmitir idea equipo,Emprendimiento
idea diferente plan trabajo,Desarrollo movil
programa crecer avanzar adecuadamente,Desarrollo movil
manera profesor tan clara,Desarrollo movil
forma importante tener realizacion proyecto,Desarrollo movil
negocio lograr tecnologia montar negocio,Data Science
chico empresa diferente aparte diseno juventud,Frontend
opinar gran parte junto grupo tarea,Desarrollo movil
poder saber proyecto,Desarrollo movil
gusto proyecto,Desarrollo movil
trabajo grupo v mejor,Desarrollo movil
producto mercado,Frontend
manera dinamica captar,Emprendimiento
clase punto mejor,Desarrollo movil
interesante curso,Desarrollo movil
poder crear producto idea,Videojuegos
vez palabras ayudar elaboracion proyecto ademas futuro,Desarrollo movil
aprender ejecucion idea producto formar equipo negocio tomar buenas formar equipo plantear fundamental,Data Science
clase habla perseverancia,Frontend
explicacion tema reparar,Desarrollo movil
contenido sesion interesante,Frontend
aprender importancia idea producto importancia ejecutar tener desarrollar proyecto manera eficaz,Frontend
oportunidad empezar plantear idea,Desarrollo movil
poder seguir ejecucion proyecto,Desarrollo movil
trabajo equipo ser tan concreto sentido siempre compromiso,Emprendimiento
valioso necesario,Desarrollo movil
gusto mostrar verdad cambiar vida,Desarrollo movil
poder usar idea negocio dia dia,Data Science
explicacion realizar,Desarrollo movil
trabajo comprender mejor,Desarrollo movil
gusto romper actualidad ser exitoso tener carrera clase entender generar ser,Desarrollo movil
definicion sinceramente claro ahora gracias facil poder continuar proyecto equipo,Frontend
duda exactamente comenzar,Desarrollo movil
aprender ahora,Data Science
aprender ayuda proyecto,Data Science
necesario hacer propio paso paso,Desarrollo movil
poder aprender,Data Science
concepto elemento equipo proyecto conocimiento ajustar proceso proyecto,Data Science
lograr desarrollo buen aprendizaje,Machine Learning
dinamica profesor entender,Emprendimiento
trabajo grupo,Desarrollo movil
identificar interesante sesion hoy dia,Servidores
gusto vida valioso futuro,Desarrollo movil
tan explicativo cosa saber resolver,Data Science
poder crear idea manera base proyecto,Servidores
tema clase hoy interesante,Desarrollo movil
explicacion profesor,Desarrollo movil
poder idea,Desarrollo movil
gusto clase super dinamica llama atencion segundo ademas informacion bien,Emprendimiento
tema liderar equipo importante hacer importante,Emprendimiento
aprender iniciar,Machine Learning
tiempo compartir apoyo participacion,Servidores
aprender crear idea producto equipo,Machine Learning
estructura tener empresa,Emprendimiento
poder pensar mejor dar proyecto,Desarrollo movil
momento poder ver idea negocio,Emprendimiento
forma tema forma facilidad desarrollo,Backend
explicacion importancia hacer tener idea negocio,Data Science
toque dinamico,Desarrollo movil
bien hacer empresa producto vez equipo,Videojuegos
ahora plantear idea claridad saber,Desarrollo movil
gusto realizar proyecto,Desarrollo movil
anecdota buscador cuenta tener vaya funcionar,Desarrollo movil
proyecto personal,Desarrollo movil
clase ayudar mejorar negocio,Emprendimiento
profesor objetivo explicar entender claridad,Emprendimiento
ejemplo entender mejor puntos,Desarrollo movil
manera dar senor interesante divertido,Desarrollo movil
introduccion tema totalidad,Desarrollo movil
importante tener idea grupo estable,Desarrollo movil
gusto ahora idea clara uso ser util dia ayuda ahora,Desarrollo movil
gusto parte dije,Desarrollo movil
cosas solo gente capital cosa cierto clase,Emprendimiento
manera tan simple sesion,Servidores
negocio mundo pensar simple salir valioso solo si perseverancia,Machine Learning
lograr idea seguir,Desarrollo movil
clase poder aprender cosas manera,Data Science
gusto explicacion,Desarrollo movil
cantidad vida real ademas,Videojuegos
pelicula motivacion pensar llegar,Desarrollo movil
constante profesor,Desarrollo movil
datos ser,Data Science
tener pensar ser ayuda,Desarrollo movil
gusto haber producto equipo idea,Videojuegos
pelicula pelicula interesante,Desarrollo movil
tener nuevo tema,Desarrollo movil
profesor dar puntos vista tener miedo decir cosas,Frontend
asesor bien,Desarrollo movil
clase economia,Emprendimiento
forma profesor,Desarrollo movil
aprender cosas ayudar futuro,Data Science
aprender crecer,Data Science
dinamica manera clase,Emprendimiento
manejo informacion persona clase,Data Science
explicacion crear negocio,Emprendimiento
gusto poder poder desarrollar idea equipo,Emprendimiento
mundo llevar cabo proyecto,Frontend
gusto explicacion,Desarrollo movil
seguir emprender manera poder progresar,Desarrollo movil
funcion cosa base proyecto,Servidores
dinamica profesor,Emprendimiento
dinamica profesor,Emprendimiento
trabajo equipo,Emprendimiento
buen aprendizaje,Machine Learning
dinamica interesante,Emprendimiento
gusto profesor bien cosas exponer ver mejorar gusto decir entender bien,Desarrollo movil
explicacion ayuda poder seguir idea empresa,Emprendimiento
ayuda futuro,Desarrollo movil
gusto idea equipo cuenta solo personas trabajar gran producto,Emprendimiento
tema principal,Desarrollo movil
ayuda ser mejor empresario,Desarrollo movil
gusto presentacion especifico,Frontend
importante hacer debido comienzo negocio innovador,Emprendimiento
q m,Machine Learning
forma armar negocio utilitario vida,Emprendimiento
proceso pasar proyecto final,Machine Learning
explicacion clara,Desarrollo movil
proceso proceso,Machine Learning
idea realidad clase,Realidad Virtual
informacion ser futuro,Data Science
bien clase,Desarrollo movil
herramienta aprendizaje,Machine Learning
parte cierto equipo ser tener bajon equipo caer poder levantarse,Emprendimiento
gusto tema interesante,Desarrollo movil
gusto explicacion seguir tener exitoso,Desarrollo movil
diferente panorama,Desarrollo movil
discutir actualidad producto innovador bonito completar,Videojuegos
entusiasmo profesor,Desarrollo movil
aprender negocio,Emprendimiento
explicar entender,Desarrollo movil
hecho diferenciar ahora mejor camino,Desarrollo movil
si despejar proyecto,Desarrollo movil
realidad clase llamado atencion normal,Realidad Virtual
aprender buen crear,Data Science
ambito empresarial,Desarrollo movil
explicacion importante conocer cliente facil seguir bien,Frontend
hecho despegar imaginacion mantener proyecto buen camino,Desarrollo movil
instancia atencion,Desarrollo movil
producto servicio serie ayuda ver presentar proyecto frente publico objetivo negociar pagar,Servidores
exposicion entender comodidad bienestar usuario necesidad personas,Frontend
clase dinamica,Emprendimiento
profesor manera,Desarrollo movil
interesante clase manera mostrar equipo,Emprendimiento
conversacion profesor respecto idea parte clase hoy debido perspectiva idea,Desarrollo movil
gusto clase hoy conversacion profesor completar informacion proyecto,Servidores
idea clara solo publico pensar producto encontrar mitad camino,Emprendimiento
buscar problema,Desarrollo movil
trabajo equipo,Emprendimiento
poder crear idea diseno entender facilmente,Frontend
continuacion proyecto,Desarrollo movil
resolver vida,Desarrollo movil
poder dejar imaginacion trabajar crear cosas beneficio,Desarrollo movil
poder buscar,Desarrollo movil
gusto saber hacer diseno decir tomar cuenta hacer producto querer crear producto,Frontend
dinamica interesante,Emprendimiento
manera clara,Desarrollo movil
clase hoy aprender realizar mejor manera proyecto,Data Science
aprender cosas nunca tema verdad interesante,Data Science
lograr tiempo intentar,Servidores
saber exactamente solo proceso,Machine Learning
gusto clase,Desarrollo movil
u manera ejemplo modelo saber hacer aplicar,Machine Learning
clase hoy tema proceso forma simple paso paso manera facil aprender concepto,Machine Learning
gusto dinamico,Desarrollo movil
reflexionar papel resolver,Desarrollo movil
gusto clase hoy,Desarrollo movil
hacer crear,Desarrollo movil
forma reconocer facilmente,Desarrollo movil
aprender pensar mejorar proyecto,Data Science
creacion encontrar forma eficaz resolver problema,Desarrollo movil
dinamica grupo equipo,Emprendimiento
trabajar equipo proyecto mejor,Emprendimiento
crear producto solucionar problema,Videojuegos
bien claro,Desarrollo movil
compartir pais,Desarrollo movil
compartir grupo,Desarrollo movil
gusto conocer hacer gran,Desarrollo movil
innovacion creacion producto satisfacer personas solucionar,Videojuegos
trabajo equipo inventar producto innovador,Emprendimiento
gusto proyecto disenar,Frontend
actividad poner practica,Desarrollo movil
entender hacer proyecto,Desarrollo movil
objeto elegir producto ser,Videojuegos
poder real,Realidad Virtual
hacer ver,Desarrollo movil
esquema proceso,Machine Learning
crear problema idea puesta,Desarrollo movil
escuchar clase nunca,Desarrollo movil
planteamiento objeto,Desarrollo movil
profesor facilidad,Desarrollo movil
forma clase manera,Desarrollo movil
presentacion continuar proyecto,Emprendimiento
trabajo toma gente claro tema,Desarrollo movil
aprender idea ser mejor si cabeza,Data Science
perspectiva real aplicacion tener mundo,Realidad Virtual
gusto crear nuevo hacer creacion,Desarrollo movil
aprender tomar cuenta servir cliente importante triunfar,Frontend
definicion saber si forma gente,Desarrollo movil
tema interesante,Desarrollo movil
tiempo recibir idea,Servidores
informacion facil asimilar almacenar bien tema momento,Frontend
conocer relacion producto personas tan intimo llegar ser vision impacto tener personas generar,Videojuegos
lluvia equipo,Emprendimiento
disenar programa,Frontend
hacer prototipo,Desarrollo movil
profesor pulir idea afectar empresa,Emprendimiento
incentivo tener miedo,Desarrollo movil
actividad entender importancia escuchar,Desarrollo movil
crear empresa,Emprendimiento
dinamica usar,Machine Learning
pensar generalmente negocio,Emprendimiento
explicacion uso material ensenanza prototipo,Desarrollo movil
proceso crear producto servicio facil,Backend
reflexionar llevar cabo forma tan si,Desarrollo movil
curso ahora,Desarrollo movil
grupo desarrollar capacidad trabajar equipo,Emprendimiento
hacer ver problema solucion sociedad,Desarrollo movil
ejercicio forma simple practica ver,Backend
clase diferente,Desarrollo movil
actividad conocer mejor manera grupo trabajo,Desarrollo movil
actividad ejemplo formular idea,Desarrollo movil
entender voz,Desarrollo movil
llevarse cabo,Desarrollo movil
explicacion profesor trabajo equipo,Emprendimiento
interaccion profesor,Realidad Virtual
comunicacion grupo,Desarrollo movil
lluvia opinion,Desarrollo movil
aprender disenar mejor dicho organizar proyecto,Frontend
explicar pais ver solucionar,Desarrollo movil
explicacion seguir crear idea,Desarrollo movil
saber importancia personas hoy dia tema mama personas,Desarrollo movil
decir clase,Desarrollo movil
charla interesante,Desarrollo movil
forma informacion,Data Science
frase personas sentido hecho personas necesidad cumplir,Desarrollo movil
si tema ayudar,Desarrollo movil
disenar capacidad,Frontend
poner capacidad solucionar problema,Desarrollo movil
actividad trabajar equipo desarrollar producto existente,Emprendimiento
siempre motivar mejor manera,Desarrollo movil
saber conectar cliente solucion gusto necesidad,Servidores
gusto explicacion pensamiento diseno mejor disenar prototipo personas uso hacer exito mercado,Frontend
tema interesante,Desarrollo movil
saber buscar personas,Desarrollo movil
puesto solucionar general,Desarrollo movil
clase trabajar,Desarrollo movil
ordenar poder tener claro,Desarrollo movil
gusto poder disenar objeto poder,Frontend
aprender orden disenar,Frontend
manera manera,Desarrollo movil
tema interesante hoy anadir,Desarrollo movil
poder aprender cosas tocar,Data Science
cosas ver carrera futuro,Desarrollo movil
explicacion profesor,Desarrollo movil
disenar buscar proyecto,Frontend
aprender identificar,Data Science
si v,Desarrollo movil
crear proyecto empresa,Emprendimiento
gusto clase ahora importancia elaborar proyecto manera,Desarrollo movil
tema general necesario posible plantear sociedad,Desarrollo movil
gusto llevar cabo,Desarrollo movil
entender tema,Desarrollo movil
explicacion forma habla,Frontend
gusto definicion ademas proceso,Machine Learning
dinamica tener idea clara proyecto vamos realizar,Emprendimiento
grupo pensar conjunto ampliar,Videojuegos
entender trata si,Desarrollo movil
ambiente bien lugar agradable,Desarrollo movil
innovacion datos crear aplicacion,Data Science
ver modelo poder si futuro crear personas,Machine Learning
llegar saber fondo producto lograr,Frontend
poder saber fondo,Desarrollo movil
explicacion innovacion tema llama atencion,Desarrollo movil
disenar proyecto,Frontend
gusto buscar manera ir futuro ayudar sociedad,Desarrollo movil
baile trabajar equipo,Emprendimiento
tema general interesante,Desarrollo movil
dia dia facil,Frontend
disenar proyecto proceso,Frontend
nube palabras amplio conocimiento,Data Science
gusto actividad grupo diagrama prueba grupo resolver,Desarrollo movil
tema tener idea hoy dia,Desarrollo movil
claro ver ciencia detras vida,Data Science
aprender adelante ser necesario crear empresa,Data Science
actividad analizar diario,Desarrollo movil
saber proceso,Machine Learning
poder manejar plantear empresa,Emprendimiento
proceso metodologia,Machine Learning
comprender sociedad ser base recurso poderoso innovacion parte agrado entender ser,Servidores
profesor facil entender,Frontend
tarea sesion saber proyecto realizar,Servidores
bien divertido,Desarrollo movil
vez momento,Desarrollo movil
saber seleccionar personas ayuda prototipo utilizar,Desarrollo movil
clase metodo ensenanza bueno,Desarrollo movil
gusto comparar realidad,Realidad Virtual
gusto momento ver mundo perspectiva,Frontend
analizar problema menudo reflexionar tratar,Desarrollo movil
poder identificar,Desarrollo movil
poder hacer mejor trabajo,Desarrollo movil
enfoque total diseno,Frontend
hecho personas aprender,Data Science
cliente forma producto,Frontend
fundamental aprendizaje,Machine Learning
emprender diseno negocio,Frontend
ser dinamica,Emprendimiento
bueno buscar,Desarrollo movil
gusto gracias clase,Desarrollo movil
proyeccion parte libertad compartir visualmente contribuir critica,Videojuegos
concepto mejor,Desarrollo movil
cosa ayuda futuro,Desarrollo movil
idea ayuda,Desarrollo movil
profesor poder mejorar,Desarrollo movil
poder resolver idea,Desarrollo movil
tomar persona,Desarrollo movil
entender emprender mejor negocio,Emprendimiento
superar atencion falta,Desarrollo movil
verdad tan hacer clase virtual profesor alumno,Realidad Virtual
ayuda proyecto,Desarrollo movil
eduardo idea negocio,Emprendimiento
buscar buscar,Desarrollo movil
hacer hablar,Desarrollo movil
ahora mayor claridad hacer,Desarrollo movil
explicacion profesor,Desarrollo movil
gusto cliente hacer base,Servidores
forma clase bien dinamico,Desarrollo movil
grupo hacer producto concepto,Videojuegos
gusto plantear solucionar problema mejor manera,Desarrollo movil
debido entender bien tema importante,Desarrollo movil
manera generar dinero publicidad,Desarrollo movil
gusto cosas diseno alguien hecho,Frontend
clase hoy empresa,Emprendimiento
gusto directo tema bien,Desarrollo movil
realidad clase si escoger informacion hacer bien,Realidad Virtual
dinamica explicacion,Emprendimiento
empatia pensar bien bien cliente solucionar,Servidores
crear idea,Desarrollo movil
explicar profundizar hacer negocio,Emprendimiento
informacion facil entender,Frontend
manera tema idea facil entender,Frontend
hallar solucion problema,Desarrollo movil
facilidad puntos entender explicacion interesante,Desarrollo movil
tratar reflexion uso pensamiento,Desarrollo movil
trabajar grupo conversar,Desarrollo movil
datos ser,Data Science
ahora capaz explicar mejorar compania,Desarrollo movil
gusto crear cerca problema,Desarrollo movil
gusto aprender ayudar pais medio idea existencia,Data Science
explicacion tema,Desarrollo movil
gusto claro preciso,Desarrollo movil
gusto ejemplificar manera entender,Desarrollo movil
mejor comprension,Desarrollo movil
super interesante,Desarrollo movil
gusto trabajar,Desarrollo movil
trabajo crear producto equipo manera,Videojuegos
encontrar tema,Desarrollo movil
explicacion clara,Desarrollo movil
crear tecnologia mente,Curso Basico
forma dinamica,Emprendimiento
cuenta ser vision,Desarrollo movil
importante tener conocimiento,Data Science
gusto plan trabajo organizado,Desarrollo movil
explicacion profesor valor proyecto manera clase,Desarrollo movil
manera eduardo,Desarrollo movil
gusto especial,Desarrollo movil
alumno profesor,Desarrollo movil
servir cuanto empezar,Desarrollo movil
organizacion dinamica,Emprendimiento
clase hoy interesante,Desarrollo movil
dinamica entender,Emprendimiento
aprender cosas nunca,Data Science
forma mundo hecho entorno mundo,Machine Learning
saber exponer,Desarrollo movil
dinamismo informacion clase mejor entendimiento,Data Science
clase claro diseno ahora,Frontend
poder saber saber llegar manera,Desarrollo movil
dinamica interesante,Emprendimiento
uso explicar clase,Desarrollo movil
gusto cuenta audiencia importante personas inicio animales vamos ayudar cuenta personas,Desarrollo movil
gran tiempo grupo ver proyecto,Servidores
gusto hoy cosas utilizar desarrollar parte vida,Desarrollo movil
realizar trabajo forma dinamica,Emprendimiento
breve ahondar proyecto equipo trabajo,Emprendimiento
gusto idear si tener idea,Desarrollo movil
gusto general,Desarrollo movil
gusto dinamica,Emprendimiento
gusto aprender nuevo solucionar problema,Data Science
forma manera clara breve,Desarrollo movil
dinamica clase,Emprendimiento
parte ejemplo,Desarrollo movil
plantear diseno proponer,Frontend
hacer producto innovador,Videojuegos
siempre forma bien,Desarrollo movil
introduccion clase,Desarrollo movil
informacion hoy,Data Science
explicar bien tema,Desarrollo movil
ahora alguien necesidad momento,Desarrollo movil
entusiasmo profesor,Desarrollo movil
parte grupo mejorar orden desarrollo,Backend
identificar aprender,Data Science
empatizar definir idear probar,Desarrollo movil
identificar aprender hacer orden distinto,Data Science
gusto clase hoy interaccion tener chica clase,Realidad Virtual
pensar diseno solucionar,Frontend
hablar mundo cuenta realidad mundo ayuda,Realidad Virtual
innovacion optimismo ambiguedad sacar adelante,Desarrollo movil
disenar siempre ser dos personas crear,Frontend
desarrollar producto investigar,Videojuegos
tema fluido bien,Desarrollo movil
explicar comprender mejor,Desarrollo movil
gusto verificar buscar,Desarrollo movil
manera desarrollo clase divertido aprendizaje,Machine Learning
gusto ahora saber respecto proyecto profesional,Desarrollo movil
solucionar personas,Desarrollo movil
paso paso puntos vista respecto,Frontend
analizar interes poder llegar hacer,Desarrollo movil
importancia crecer dinero utilidad importante vida,Desarrollo movil
pensar pro proyecto,Desarrollo movil
manera mostrar largo mundo realidad aplicar,Realidad Virtual
proponer potencial negocio,Emprendimiento
saber usar,Machine Learning
mejor manera,Desarrollo movil
poder saber,Desarrollo movil
informacion actualmente disipar momento ademas predisposicion profesor,Data Science
parecer tan simple pasar,Backend
forma generar orientador personal nunca manera,Desarrollo movil
poner producto,Videojuegos
conocer modelo negocio parte importante trata ver parte negocio,Data Science
diferencia clara,Desarrollo movil
clase hoy aprender negocio futuro si hacer compania similar,Data Science
conocer negocio identificar tipo negocio,Emprendimiento
dinamica equipo,Emprendimiento
hacer modelo,Machine Learning
hacer clase,Desarrollo movil
aprender concepto manera simple ordenar puntos ademas explicar clase tener conocimiento previo adicional comprension clase,Machine Learning
aprender negocio ver,Emprendimiento
gusto aprender grupo,Data Science
saber q presupuesto costo,Desarrollo movil
poder construir presupuesto si verdad,Desarrollo movil
crear mejor manera,Desarrollo movil
comenzar trabajo tiempo suficiente hacer,Videojuegos
hacer organizar proyecto,Emprendimiento
hacer seguridad proyecto,Desarrollo movil
rapido comenzar trabajo tiempo suficiente hacer,Videojuegos
tema mejor,Desarrollo movil
elaboracion cuadro organizar nuevo,Emprendimiento
actividad crear modelo respecto empresa cerca objetivo,Machine Learning
explicacion tema,Desarrollo movil
manera monetizar idea incentivo,Desarrollo movil
gusto poder establecer modelo fin ver si idea programa,Machine Learning
gusto tema presupuesto vamos generar dinero,Desarrollo movil
gusto poder establecer modelo fin ver si idea programa,Machine Learning
gusto idea limpio,Desarrollo movil
gusto forma profesor tener originalidad proyecto,Desarrollo movil
aprender modelo,Machine Learning
aclarar profesor respecto idea modelo aplicar inquietud resolver,Machine Learning
mutuamente armar clase jueves mayo,Desarrollo movil
entender poder hacer plan viable sustento proyecto,Emprendimiento
gusto informacion proposito entender realidad decir final clase si modelo cosas,Realidad Virtual
ejemplificar puntos mejor,Desarrollo movil
gusto herramienta facilitar aprendizaje,Machine Learning
aprendizaje facil,Machine Learning
gusto resolver,Desarrollo movil
poder aprender negocio justamente equipo duda generar,Data Science
relacionar modelo facil ejecucion informe,Frontend
charla interesante,Desarrollo movil
elaboracion realidad,Realidad Virtual
saber organizar base,Servidores
futuro dia manejar negocio,Emprendimiento
trabajo equipo,Emprendimiento
vino alguien nuevo ensenar interesante,Desarrollo movil
hablar proyecto resolver,Desarrollo movil
saber realizar modo diferencia gasto costo proyecto,Desarrollo movil
base proyecto,Servidores
juego usar,Videojuegos
aprender manera hacer plan negocio,Data Science
disposicion dedicacion profesor proyecto,Desarrollo movil
lluvia entender,Desarrollo movil
justo tema equipo desarrollo,Videojuegos
saber modelo organizar plantear proyecto,Emprendimiento
trabajo equipo,Emprendimiento
aprender interesante,Data Science
observar forma dinamica comprender contenido,Frontend
entender diferencia ver angulo servicios hoy dia,Desarrollo movil
aprender conseguir presupuesto llevar cabo proyecto,Data Science
aprender forma ganar dinero conocimiento,Data Science
aprender negocio,Emprendimiento
tener idea clara proyecto,Desarrollo movil
poder crear,Desarrollo movil
hacer momento importante sesion entonces palabras organizacion empresa,Servidores
aprender negocio identificar,Emprendimiento
tema informacion servir futuro,Data Science
verdad momento,Desarrollo movil
exposicion interesante,Desarrollo movil
explicacion negocio,Emprendimiento
revisar grupo,Desarrollo movil
aprender empezar empresa pensar,Emprendimiento
aprender crear modelo saber proyecto,Machine Learning
aprender manera uso dia dia generar,Data Science
directo grano tiempo,Videojuegos
definir concepto modelo,Machine Learning
interaccion datos,Backend
clase gusto contenido facil entendimiento,Frontend
manera tema,Desarrollo movil
empezar bien,Desarrollo movil
saber negocio obtener ganancias,Emprendimiento
resolver avance identificar mejor,Desarrollo movil
aportar empresa perfeccion,Emprendimiento
explicacion bien,Desarrollo movil
informacion ahora servir,Data Science
dinamismo contenido puesto atencion suficiente aburrir dificultar aprendizaje,Frontend
gusto explicacion modelo negocio profesor tema modelo costo gasto,Data Science
gusto diferenciar gastos nunca alguien,Desarrollo movil
haber hacer negocio rentable forma afinar sentido financiero constante crecimiento entender modelo negocio,Emprendimiento
informacion poder desarrollar proyecto,Data Science
poder hablar servicio,Servidores
saber ir proyecto,Desarrollo movil
claro explicacion tiempo resolver personalmente,Videojuegos
saber empezar modelo aplicacion,Machine Learning
negocio mejor producto,Emprendimiento
tema parecer,Desarrollo movil
desarrollo clase,Backend
gusto esquema resumir adelante proyecto,Desarrollo movil
aplicar vida facil,Frontend
ver hacer buen hacer proyecto,Desarrollo movil
aprender empresa si simple vista forma moda exito tener mayor impacto,Emprendimiento
gusto hacer,Desarrollo movil
gusto modelo manera organizar invento,Emprendimiento
aprender cosas uso diariamente,Data Science
paso paso modelo,Machine Learning
saber tan sencillo tan empresa,Emprendimiento
explicacion negocio general menudo,Emprendimiento
ver tan sencillo plantear negocio ayuda modelo,Emprendimiento
agrado conocer modelo herramienta util empezar elaborar proyecto,Machine Learning
gusto ganancia,Desarrollo movil
encanto cuadro,Desarrollo movil
explicacion negocio identificar modelo proyecto,Emprendimiento
desarrollar plan presupuesto funcion idea,Desarrollo movil
cosa vida hoy seguir mundo,Frontend
gusto clase dinamica profesor,Emprendimiento
espacio mejor ayuda profesor,Desarrollo movil
modelo negocio seguir,Emprendimiento
poder escoger asiento,Desarrollo movil
forma buscar,Desarrollo movil
clara explicacion,Desarrollo movil
modelo servicio,Servidores
aprender modelo negocio,Data Science
breve explicacion aprendizaje tiempo,Machine Learning
gusto hacer modelo clase discutir poner claro proyecto decir,Machine Learning
aprender cosas realizacion empresa,Emprendimiento
iniciar proyecto si alcanzar hacer formulario manera formal,Servidores
realizar modelo necesario negocio util,Data Science
gusto parte bien,Desarrollo movil
ensenanza profesor muestra adecuadamente clase dificultad,Videojuegos
aprender cosas gran importancia presupuesto aprender,Data Science
llevar negocio cabo,Emprendimiento
dinamica ayuda,Emprendimiento
dinamica ser,Emprendimiento
jugar diferente divertido,Videojuegos
aprendizaje aplicado profesor,Machine Learning
modelo descubrir forma eficiente desarrollar idea importante,Frontend
hacer empresa ser,Emprendimiento
actividad producto,Videojuegos
poder negocio modelo,Machine Learning
tema tratado,Desarrollo movil
importante ayuda encanto clase,Desarrollo movil
explicacion negocio interesante,Emprendimiento
saber poder avanzar trabajo,Desarrollo movil
mejorar proyecto,Desarrollo movil
gusto explicacion ganar dinero manera practicamente facil,Desarrollo movil
hacer modelo ayuda vida,Machine Learning
gusto formar,Desarrollo movil
servir monton momento iniciar,Servidores
aprender detallado adquirir aplicacion mejor,Data Science
desarrollar profundidad ver salir,Desarrollo movil
explicacion dinamica,Emprendimiento
explicacion dinamica,Emprendimiento
gusto entrar producto mercado,Videojuegos
gusto realizar presupuesto hallar equilibrio gastos empresa,Desarrollo movil
tener referencia publicar producto medios comunicacion,Frontend
modelo espectacular mente eficiente tipo eficiente,Frontend
desarrollar modelo,Machine Learning
modelo negocio ayudar negocio,Data Science
gusto clase,Desarrollo movil
formato organizacion forma facil organizar contenido empresa,Videojuegos
haber aplicar hacer modelo bien definido,Machine Learning
aprender dinero necesidad cobrar directamente,Data Science
plan negocio guia poder ejecutar proyecto tener conexion,Emprendimiento
metodologia modelo,Machine Learning
ejemplo juego intervenir,Videojuegos
aprender hacer triunfar proyecto,Data Science
plan pa saber q hacer,Desarrollo movil
gran herramienta entender,Desarrollo movil
gusto punto,Desarrollo movil
profundidad organizar mejor respecto producto llegar plan concreto,Emprendimiento
simplicidad hora explicar pregunta,Desarrollo movil
expresar tema ser tema interesante,Desarrollo movil
clase hoy,Desarrollo movil
hacer interesante aprender,Data Science
trabajo equipo,Emprendimiento
metodo ensenanza,Desarrollo movil
modelo importante tener presupuesto,Frontend
sensacion proyecto forma,Desarrollo movil
dinamica grupo grupo empresa,Emprendimiento
si proyecto mente personal solo aspecto sociedad si personal,Desarrollo movil
ordenar proyecto cono,Desarrollo movil
explicacion interesante,Desarrollo movil
explicacion seguir,Desarrollo movil
seguir clase,Desarrollo movil
material clase manera diferente,Desarrollo movil
tema interesante,Desarrollo movil
tema tiempo,Servidores
igual agradable clase anterior,Desarrollo movil
tema interesante,Desarrollo movil
debido colegio,Desarrollo movil
trabajo equipo,Emprendimiento
usar aprender,Data Science
manera tema,Desarrollo movil
manera tema dinamica,Emprendimiento
forma bien,Desarrollo movil
aclarar modelo,Machine Learning
desarrollar modelo,Machine Learning
manera tener idea mejor proyecto funcion,Desarrollo movil
gusto detallado,Desarrollo movil
verdad interesante,Desarrollo movil
poder comprender ayuda rumbo mejor,Desarrollo movil
organizacion parte grupo,Emprendimiento
modelo super futuro,Frontend
organizar proyecto,Emprendimiento
dinero metodo unico,Desarrollo movil
finalizar clase,Desarrollo movil
plantear modelo negocio debido actividad observar puntos trabajar mejor,Data Science
ahora negocio poder,Emprendimiento
gusto aprender modelo mejorar proyecto,Machine Learning
resolver equipo,Emprendimiento
hoy poder usar poder hacer modelo grupo poder recibir comentario profesor,Machine Learning
hacer modelo gusto forma organizar,Machine Learning
tema facil facil poder analizar,Frontend
ademas entender,Desarrollo movil
saber llevar producto mercado manera adecuada gastos,Videojuegos
organizar proyecto ver falta mejorar trabajar,Emprendimiento
gusto clase hoy aprender informacion desarrollar aun,Data Science
exposicion tema,Desarrollo movil
exposicion tema,Desarrollo movil
explicacion favorable ayuda,Desarrollo movil
tema interesante interes,Desarrollo movil
empezar realizar,Desarrollo movil
claro preciso,Desarrollo movil
concepto gastos punto equilibrio,Desarrollo movil
bien paso paso,Desarrollo movil
ahora hacer modelo poder tener empresa,Machine Learning
tema facil facil poder analizar,Frontend
tema facil facil poder analizar,Frontend
manera profesor material,Desarrollo movil
hablar proyecto,Desarrollo movil
hablar proyecto,Desarrollo movil
gusto forma clase,Desarrollo movil
modelo manera facil organizar proyecto,Machine Learning
costo saber costo total producto,Data Science
segmentar inspeccionar mercado asegurar triunfo,Desarrollo movil
elaborar nuevo proyecto tomar cuenta cabo,Desarrollo movil
gusto clase hoy cosas,Desarrollo movil
bien clase,Desarrollo movil
ordenar llenar blanco cabeza proyecto,Desarrollo movil
aprender manera,Data Science
manera debido manera,Desarrollo movil
tema interesante importante desarrollo negocio,Backend
gastos empresa correctamente precio producto,Emprendimiento
profesor clase aprender,Data Science
informacion futuro,Data Science
descubrimiento modelo negocio,Data Science
propuesta valor fuente,Frontend
gusto definir presupuesto modelo negocio llegar carrera profesional,Data Science
informacion conocer,Data Science
interaccion apoyo,Realidad Virtual
uso explicar tema,Desarrollo movil
hacer modelo organizar proyecto,Emprendimiento
modelo negocio,Emprendimiento
interesante tema entender mejor,Desarrollo movil
gusto reforzar conocimiento prototipo,Data Science
hacer modelo fundamental negocio,Data Science
m gusto idea gasto costo,Machine Learning
clase tema respeto hacer silencio clase,Desarrollo movil
si hacer,Desarrollo movil
forma explicar,Desarrollo movil
teoria responder clase,Data Science
dinamismo clase,Desarrollo movil
parte trabajo equipo,Emprendimiento
gusto poder seguir aprender cosas,Data Science
poder entender organizacion empresa desarrollar,Emprendimiento
modelo mejor proyecto,Frontend
bueno hecho idea llegar organizar desarrollo proyecto,Emprendimiento
explicacion modelo efectividad evaluar proyecto,Machine Learning
crear modelo negocio momento empresario lograr futuro proximo,Data Science
gusto saber ciencia trata usar proyecto,Frontend
gusto dinamico,Desarrollo movil
gusto clase ayuda futuro,Desarrollo movil
explicacion adecuada informacion adecuada,Data Science
usar desarrollar,Machine Learning
aprender ahora manera futuro,Data Science
tiempo avanzar,Servidores
aprender algoritmo ahora,Machine Learning
aprender gastos,Data Science
tiempo equipo,Emprendimiento
trabajar proyecto si poner idea,Desarrollo movil
diferenciar ver computadora aprender monitor,Machine Learning
crear crear,Desarrollo movil
haber hacer,Desarrollo movil
gusto clase hoy aprender computadora,Machine Learning
aprender computadora,Videojuegos
entender mejor dia,Desarrollo movil
encontrar problema plantear,Desarrollo movil
actividad computadora,Videojuegos
clase cuenta poder,Desarrollo movil
entender mejor tema,Desarrollo movil
directamente parte avanzar necesario plan empresa trabajo final cuenta clase semana,Emprendimiento
actividad bailar,Desarrollo movil
aprender manejar empresa,Emprendimiento
dinamica practica sesion vez proposito programa,Emprendimiento
aprender computadora,Videojuegos
gusto solo ambito empresarial ambito personal,Desarrollo movil
informacion clara,Data Science
uso tecnologia poder alusion producto,Servidores
trabajo equipo,Emprendimiento
aprender actividad llama atencion si detras juego,Data Science
descubrir computadora,Videojuegos
jugar divertido,Videojuegos
hacer juego,Videojuegos
tema ayudar futuro,Desarrollo movil
clase entender tecnologia elaboracion empresa,Emprendimiento
comprender mejor clase,Desarrollo movil
informacion poder resolver proyecto forma sencillez,Data Science
poder resolver problema manera,Desarrollo movil
poder tener organizado ayuda completo,Desarrollo movil
siempre marca cabo,Desarrollo movil
gusto forma ver dar,Desarrollo movil
interesante informacion util,Data Science
equipo resolver problema aportar,Emprendimiento
dinamica medio baile,Emprendimiento
clase ademas manera,Desarrollo movil
tema interesante,Desarrollo movil
grupo grupo,Desarrollo movil
formato hacer cosas,Desarrollo movil
aprender solucionar problema,Data Science
gusto ver,Desarrollo movil
salir mejor amiga,Desarrollo movil
gusto tema uso tecnologia proyecto identificar equipo vamos trabajar,Machine Learning
confianza ambiente relajado gusto,Desarrollo movil
dinamica claridad importancia trabajar equipo,Emprendimiento
aparato electronico llamado computadora,Servidores
gusto haber computadora ciencia,Videojuegos
aprender algoritmo,Machine Learning
aprender algoritmo elaboracion producto,Machine Learning
gusto clase,Desarrollo movil
cuenta producto problema tan importante solucionar poder arreglar cosas mejorar producto,Videojuegos
definicion algoritmo solucionar haber orden organizacion,Machine Learning
explicacion dinamica entender tema mejor manera,Emprendimiento
concepto ciencia ahora,Data Science
explicacion computadora,Videojuegos
tema tecnologia debido hoy dia tecnologia ayuda indispensable tener base usar manera tecnologia,Servidores
clase interesante,Desarrollo movil
uso secuencia datos armar algoritmo,Machine Learning
tema nombre formal termino,Desarrollo movil
gusto dinamica sandwich poder entender algoritmo,Emprendimiento
aprender verdaderamente ciencias trabajar,Data Science
aprender solucionar,Data Science
tema general importante aplicar conocimiento proyecto,Data Science
agrado plantear funcionamiento,Desarrollo movil
poder aplicar dia dia,Desarrollo movil
poder comprender algoritmo vida nunca,Machine Learning
cuenta realidad idea tema,Realidad Virtual
ampliar conocimiento,Data Science
gusto pensar tener empresa pensar,Emprendimiento
sinceramente encanto clase,Desarrollo movil
resolver digital,Videojuegos
baile equipo,Emprendimiento
forma presentacion,Frontend
gusto explicacion comprender mejor tema,Desarrollo movil
compartir grupo proyecto,Desarrollo movil
aprender nuevo cosas,Data Science
algoritmo cosas secuencia siempre,Machine Learning
gusto usar tecnologia construir prototipo negocio,Data Science
aprender hacer,Data Science
saber super importante,Desarrollo movil
trabajo equipo manera,Emprendimiento
trabajo desarrollar manera arreglar mejorar proyecto descartar,Desarrollo movil
potencial manera,Desarrollo movil
clase hoy,Desarrollo movil
dinamismo clase,Desarrollo movil
dinamica interesante,Emprendimiento
explicacion entender,Desarrollo movil
inicio clase,Desarrollo movil
clase tema conocer aclarar,Desarrollo movil
gusto bien computadora claro definicion cosas computadora ahora dispositivo informacion proposito general,Videojuegos
saber algoritmo parte vida,Machine Learning
planteamiento tan dificil principio,Desarrollo movil
diversidad ver,Desarrollo movil
encontrar hacer,Desarrollo movil
clase interesante trabajar,Desarrollo movil
explicacion clara,Desarrollo movil
realizar curso,Desarrollo movil
gusto algoritmo presente pensar idea inteligencia artificial ser base dia dia,Machine Learning
explicacion tema tecnologia base descubrir tecnologia solucion,Servidores
relacion tema realidad clase comprensible,Realidad Virtual
tema interesante,Desarrollo movil
gusto actividad interesante divertido,Desarrollo movil
algoritmo definicion computadora tema,Machine Learning
trabajo equipo,Emprendimiento
tema interesante,Desarrollo movil
saber crear lugar manera escuchar palabra algoritmo,Desarrollo movil
gusto vez resolver mejor tiempo,Videojuegos
vez resolver mejor organizacion,Emprendimiento
debido alguien,Desarrollo movil
cosas vida,Desarrollo movil
tema abstraccion crear solucion frente problema,Frontend
plantear planear futuro poder buscar solucion seguir adelante proyecto,Desarrollo movil
saber influencia tecnologia modelo negocio poder seguir proyecto,Data Science
explicacion ciencia ciencia,Videojuegos
tema interesante,Desarrollo movil
poder hablar tecnologia necesario,Servidores
gusto solucionar trabajo importante llegar negocio adelante,Data Science
trabajo equipo,Emprendimiento
poder saber llegar mejorar sacar adelante proyecto,Desarrollo movil
tema gran interes dia dia,Desarrollo movil
profesor alumno,Desarrollo movil
gusto ser ser hora hacer,Desarrollo movil
marketing digital mundo,Machine Learning
hecho detras abstraccion funcionamiento,Frontend
equipo avanzar proyecto,Emprendimiento
gusto aprender ciencia idea,Data Science
hecho proyecto,Desarrollo movil
poder resolver tema importante,Desarrollo movil
gusto clase hoy,Desarrollo movil
adquirir poder hacer crecer dia dia,Desarrollo movil
algoritmo ayuda saber paso paso,Machine Learning
gusto siempre clase mejora,Desarrollo movil
gusto clase saber computadora aparato tecnologico,Frontend
clase interesante,Desarrollo movil
sistema poder resolver problema,Backend
tener completar presentar proyecto,Desarrollo movil
ser gran base desarrollo servicio personas,Servidores
definicion importante poder realizar producto importante,Data Science
disfrute aprender,Data Science
claro preciso,Desarrollo movil
poder resolver tema importante,Desarrollo movil
poder resolver tema importante,Desarrollo movil
manera explicar profesor,Desarrollo movil
trabajo avance proyecto,Desarrollo movil
tecnica venta,Desarrollo movil
bien tema,Desarrollo movil
ver proyecto solucion,Desarrollo movil
apoyo profesor proceso desarrollo aclarar vision,Videojuegos
realizar modelo,Machine Learning
poder saber realidad ver computadora,Realidad Virtual
forma practica,Desarrollo movil
hacer cosas,Desarrollo movil
resolver manera,Desarrollo movil
gusto forma significado ciencia,Data Science
profesor siempre atento,Desarrollo movil
liderazgo profesor clase,Desarrollo movil
entender mejor clase,Desarrollo movil
aprender computadora idea termino,Videojuegos
gusto buscar solucion empresa enfrentarse,Emprendimiento
gusto ambiente d clase claro,Desarrollo movil
algoritmo arreglar paso paso pasar alto cosas,Machine Learning
idea siempre bueno pensar,Desarrollo movil
forma explicar,Desarrollo movil
tener nuevo conocimiento algoritmo,Machine Learning
gusto diferencia computadora,Videojuegos
definicion real computadora nunca manera,Videojuegos
semana tiempo acabar curso,Servidores
explicacion definicion ciencia,Data Science
tema ser manera clara,Desarrollo movil
investigar proyecto,Desarrollo movil
tema interesante,Desarrollo movil
algoritmo definicion,Machine Learning
gusto manera profesor incentivo ser,Desarrollo movil
uso explicar tema,Desarrollo movil
definicion algoritmo fundamental solucionar,Machine Learning
manera clara,Desarrollo movil
lenguaje simple empleado explicacion puntos,Machine Learning
hacer forma,Desarrollo movil
gusto proyecto tecnologia importante,Servidores
comprensible tema,Desarrollo movil
explicacion empezar pensar problema manera,Desarrollo movil
tema ciencias explicacion,Data Science
gusto aprender construir prototipo futuro cercano,Data Science
hecho haber tema,Desarrollo movil
aprender cosas tecnologia,Curso Basico
ciencia concepto distinto,Data Science
aprender poder crear,Data Science
crear cuanto,Desarrollo movil
teoria resolver,Data Science
tono voz,Desarrollo movil
cantidad parte,Desarrollo movil
empezar escribir proyecto,Desarrollo movil
gusto clase identificar ayuda solucionar mejor control momento compra,Servidores
identificar idea real juego,Videojuegos
profesor clase,Desarrollo movil
hacer tecnologia,Curso Basico
punto vista entendido computadora manera,Videojuegos
gusto verdad bien cosas investigar cuenta,Desarrollo movil
profesor asignado,Desarrollo movil
aprender ciencias,Data Science
tema si interesado,Desarrollo movil
informacion manera u vital desarrollo,Backend
computadora algoritmo seguir,Machine Learning
descubrir manejar funcionar,Desarrollo movil
gran cantidad,Desarrollo movil
clase hoy ser promocion producto,Data Science
actividad crear anuncio producto,Frontend
saber marketing realidad,Realidad Virtual
aprender producto actualmente interesante saber tema,Videojuegos
divertido aprender,Data Science
aprender marketing,Data Science
poder trabajar,Desarrollo movil
ver vender producto,Videojuegos
resolver proyecto,Desarrollo movil
clase hoy marketing digital ahora definir plaza producto promocion,Data Science
dinamica poner prueba,Emprendimiento
parte marketing producto,Videojuegos
informacion clara,Data Science
companera ir,Desarrollo movil
tema marketing digital tema interesante servir,Videojuegos
aprender marketing,Data Science
actividad companera ejemplo cercano realidad,Realidad Virtual
actuacion vender entender marketing,Desarrollo movil
dinamica vender companera,Emprendimiento
dinamica actividad vender amiga creativo,Emprendimiento
adelante producto amiga,Videojuegos
actividad plaza precio producto promocion producto azar dinamica facilmente,Videojuegos
marketing marketing digital,Videojuegos
contenido futuro realizar bien producto tener bien futuro,Frontend
dinamica producto,Emprendimiento
marketing digital gran idea ser proyecto beneficiar empresa,Data Science
explicacion marketing realizacion negocio exito producto,Emprendimiento
conocer medios publicidad personas,Desarrollo movil
conocer marketing digital,Videojuegos
gusto dinamica describir amigo convencer ser pareja,Emprendimiento
poder utilizar,Desarrollo movil
aprender marketing,Data Science
gusto ademas bien,Desarrollo movil
gusto digital,Videojuegos
tema marketing,Desarrollo movil
clase hoy marketing importante empresa conocer comportamiento mercado gran trascendencia empresa haber tema utilidad proceso,Emprendimiento
aprender negocio necesidad invertir,Emprendimiento
gusto clase hoy aprender marketing digital marketing haber informacion empresa anterior venta producto,Videojuegos
verdad gusto clase,Desarrollo movil
bien promocion,Desarrollo movil
hacer producto potencial cliente,Frontend
ejercicio marketing siempre bueno aprender negociar convencer personas punto vista dinamica divertido interesante intentar vender primero servicios persona producto innovador,Data Science
trabajo grupo,Desarrollo movil
actividad debido aplicar,Desarrollo movil
hacer marketing producto,Videojuegos
hacer dinamica vender amiga pareja,Emprendimiento
clase tiempo,Servidores
aprender marketing digital,Videojuegos
marketing digital,Videojuegos
explicacion presentacion,Frontend
aprender marketing p marketing,Data Science
entender mejor tema,Desarrollo movil
gusto clase hacer comercial super,Desarrollo movil
explicacion clara dinamica,Emprendimiento
exposicion completamente,Desarrollo movil
exposicion complementar trabajo,Desarrollo movil
sinceramente simple bien,Backend
aclarar respecto marketing clase bien,Desarrollo movil
aprender proyecto exito,Data Science
gusto bien producto plaza promocion precio cosas,Videojuegos
ver tema,Desarrollo movil
trato tema expandir mente consumidor fundamental muestra,Desarrollo movil
rapidez trabajo trabajo ayuda,Desarrollo movil
clase interesante trabajar grupo realizar,Desarrollo movil
marketing digital cuatro p plaza precio producto promocion mercado,Data Science
tener oportunidad valor objeto comun,Desarrollo movil
explicacion informacion,Data Science
gusto explicacion proyecto mejor proyecto,Desarrollo movil
aprender marketing tan importante proyecto manera incluir progreso,Data Science
gusto saber marketing,Desarrollo movil
momento profesor revisar avance demostrar esfuerzo,Desarrollo movil
dinamica discutir objeto favorito,Emprendimiento
explicacion marketing,Desarrollo movil
tema moderno interesante,Desarrollo movil
realizar avance proyecto casa tiempo avanzar,Videojuegos
dinamica identificar marketing digital empresa entender mejor tema,Videojuegos
elegir producto desconocido,Videojuegos
gusto aprender marketing digital curso universidad marketing digital,Videojuegos
trabajo equipo,Emprendimiento
explicacion marketing digital,Videojuegos
marketing cosas,Desarrollo movil
trabajo profesor aprender,Data Science
gusto vamos avanzar problema seguir adelante,Desarrollo movil
aprender marketing digital servir proyecto bien,Videojuegos
tema marketing,Desarrollo movil
si ver ver,Desarrollo movil
bueno nuevo,Desarrollo movil
capacidad amigo ayuda comprender,Desarrollo movil
interesante aprender importancia marketing conseguir buen impacto mercado,Data Science
haber definir cuatro p producto mejor cliente satisfecho,Videojuegos
entender marketing publicidad empleado frase fin alguien aclarar duda,Desarrollo movil
gusto ahora aplicar marketing digital,Videojuegos
alcanzar material importante esencial desarrollo satisfaccion cubrir,Backend
explicacion medios publicitar informacion empresa manera google,Machine Learning
explicacion profesor clase decir claro especifico momento dar puntos tener cuenta,Desarrollo movil
gusto aprender marketing,Data Science
resolver entender tema,Desarrollo movil
gusto clase hoy importancia marketing digital modo ahora fin,Videojuegos
comprender mejor marketing general siempre par marketing pequena debido madre,Desarrollo movil
gusto difundir proyecto,Desarrollo movil
adquirir mayor conocimiento,Data Science
marketing digital compania,Videojuegos
importante avance,Desarrollo movil
marketing poner adelante producto,Frontend
gusto duda,Desarrollo movil
marketing digital plaza promocion realizar marketing digital,Videojuegos
entender poder tener negocio rentable,Emprendimiento
manera clara,Desarrollo movil
entender concepto marketing extension vida,Desarrollo movil
logro comprender adecuadamente,Desarrollo movil
gusto diversidad aplicar marketing producto,Data Science
trabajo equipo,Emprendimiento
estrategia marketing,Data Science
saber marketing tan,Desarrollo movil
estrategia marketing,Data Science
marketing exito,Desarrollo movil
vender producto manera dinamica manera clara,Videojuegos
claro preciso,Desarrollo movil
saber marketing saber poner buen precio,Desarrollo movil
poder aprender marketing poder producto,Data Science
aprender poder realizar producto,Frontend
poder aprender plaza precio producto promocion poder aplicar mejorar,Data Science
forma practica,Desarrollo movil
conocer precio plaza promocion producto,Data Science
relacion tema producto,Videojuegos
realizar trabajo hoy resolver tema,Desarrollo movil
gusto clase aprender marketing digital ahora podre aplicar tema podre aun,Videojuegos
publicidad producto,Videojuegos
conocer fondo tema marketing producto plaza promocion precio,Data Science
comprender concepto marketing,Desarrollo movil
profesor resolver,Desarrollo movil
ahora convencer mantener cerca cliente,Servidores
grafico marketing,Desarrollo movil
usar disenar proyecto,Frontend
tema general medios comunicacion marketing digital,Videojuegos
academia practica,Desarrollo movil
saber marketing,Desarrollo movil
teoria diferencia resolver proyecto,Data Science
grupo idea parte,Desarrollo movil
marketing digital entender gente empresa proyecto,Videojuegos
entender mejor tema,Desarrollo movil
dinamica comprender,Emprendimiento
dinero invertir,Desarrollo movil
gusto parte marketing,Desarrollo movil
destacar bien,Desarrollo movil
forma profesor,Desarrollo movil
nuevo tema nunca,Desarrollo movil
gusto explicacion marketing digital producto crear medios proyecto mundo,Videojuegos
aprender marketing tema nuevo,Data Science
realidad dia,Realidad Virtual
explicacion marketing digital,Videojuegos
aprender mezcla marketing proyectar producto,Data Science
informacion futuro,Data Science
personas entender clase,Desarrollo movil
poder resolver,Desarrollo movil
explicacion significado tema interesante cosas,Desarrollo movil
saber proyecto,Desarrollo movil
gusto clase hoy aprender adelante poder poner practica,Data Science
saber marketing digital,Videojuegos
medios publicidad poder crecer empresa gente trata proyecto,Emprendimiento
marketing digital manera transmitir venta,Videojuegos
empresa definir producto precio plaza promocion empresa,Emprendimiento
intentar vender producto comercial,Videojuegos
contenido clase definicion marketing,Frontend
conocer marketing interesante,Desarrollo movil
uso explicar tema,Desarrollo movil
compartir clase gusto ensenanza,Desarrollo movil
presentacion tema,Emprendimiento
claro entender,Desarrollo movil
simplicidad tema procesar,Servidores
gusto saber,Desarrollo movil
inicio marketing marketing interesante sencillo,Desarrollo movil
clase dinamica,Emprendimiento
verdad simple vista ayudar infinitamente negocio,Backend
ensenanza marketing vision llegar objetivo,Emprendimiento
necesario resolver,Desarrollo movil
trabajo grupo plataforma,Desarrollo movil
marketing si transmitir idea producto,Data Science
marketing digital fomentar producto,Videojuegos
saber medio,Desarrollo movil
bien procedimiento seguir,Desarrollo movil
adquirir respecto marketing digital,Videojuegos
gusto clase hoy,Desarrollo movil
definir plaza producto promocion funcionamiento junto proyecto,Videojuegos
comprender concepto marketing identificar conocer,Desarrollo movil
gusto saber emplear marketing digital poder producto,Videojuegos
empeno grupo,Desarrollo movil
tener realizar trabajo,Desarrollo movil
gusto solo ver verdad vida si,Desarrollo movil
entender marketing,Desarrollo movil
si explicacion marketing,Desarrollo movil
tema interesante,Desarrollo movil
motivacion ayuda,Desarrollo movil
explicacion gran significado promocion importante busca ser conocido,Desarrollo movil
planteamiento ordenamiento correctamente ser eficiente elaboracion proyecto,Desarrollo movil
honesto interesante sorprendente,Desarrollo movil
hoy aprender ver importancia,Data Science
ritmo hacer,Desarrollo movil
tema interesante nunca,Desarrollo movil
realidad gusto,Realidad Virtual
clase producto llegar resultado,Videojuegos
presentar proyecto,Desarrollo movil
tarea eficiente,Desarrollo movil
entender interesante,Desarrollo movil
vez cerca tener proyecto listo,Desarrollo movil
gusto hecho hacer crecer negocio tener,Emprendimiento
opcion ser instinto super produccion venta,Desarrollo movil
gusto aprender si empresa,Emprendimiento
clase conocer tendencia global empresa importante factor crecimiento embargo suficiente tener conocimiento tecnico campo grande tener innovacion analisis curiosidad capacidad cambio importante manera marcar diferencia,Emprendimiento
saber si verdaderamente,Desarrollo movil
encanto clase,Desarrollo movil
gusto tema si interesante,Desarrollo movil
gusto clase hoy aprender hoy dia tecnologia vez mercado,Frontend
simple entender,Backend
saber nunca,Desarrollo movil
conocer cuenta si empezar cero,Desarrollo movil
grafico claro llama atencion rapidamente,Desarrollo movil
explicacion clara,Desarrollo movil
actividad dinamica,Emprendimiento
gusto ejemplo limonada entender tema,Desarrollo movil
presentacion tema perfectamente,Emprendimiento
comprender realizar producto,Videojuegos
bonito divertido,Desarrollo movil
aprender atencion tiempo,Videojuegos
desarrollar independientemente,Desarrollo movil
hacer obtener proceso,Machine Learning
clase hoy martin explicar claridad tema futuro cercano,Desarrollo movil
aprender cumplir,Data Science
saber incrementar podre conseguir,Desarrollo movil
dinamica hacer,Emprendimiento
momento equipo,Emprendimiento
poder hacer negocio,Emprendimiento
explicar cosas final poder querer lograr hacer propio,Desarrollo movil
hablar tiempo avanzar proyecto,Servidores
gusto entender tema forma ejemplo,Desarrollo movil
poder poder hacer clase tener independencia,Desarrollo movil
momento ahora ayuda manejar mejor poner empresa,Desarrollo movil
poder saber poder exponer producto mercado eficiente,Data Science
poder demostrar,Desarrollo movil
clase virtual,Realidad Virtual
aprender crecer empresa tiempo importante ser conocido,Emprendimiento
clase innovador,Desarrollo movil
poder demostrar,Desarrollo movil
gusto aprender,Data Science
gusto tiempo avanzar proyecto complicado colegio,Servidores
tema interesante,Desarrollo movil
poder aprender importancia reconocer diferencia empresa producto ver hacer crecer bien servicio,Data Science
sinceramente profesor colegio,Desarrollo movil
ahora si,Desarrollo movil
aprender desarrollar producto nivel ademas innovador relevante,Videojuegos
gusto clase ejemplo caso limonada poder entender fondo funcionamiento conocimiento nuevo termino,Desarrollo movil
finales trabajo ultimo pulir trabajo,Desarrollo movil
entender mejor tema,Desarrollo movil
gusto clase,Desarrollo movil
herramienta aprender tener mejor relacion,Data Science
saber diferencia marketing,Desarrollo movil
aprender concepto,Data Science
explicacion realizar,Desarrollo movil
esencial oyente ambito,Desarrollo movil
concepto importancia necesario desarrollo producto exito tener gusto tema ademas importancia demostrar producto tener personas usuario,Videojuegos
gusto clase identificar crecimiento,Desarrollo movil
conocer crecimiento,Desarrollo movil
ejemplo cercano mejor,Desarrollo movil
saber llegar gente manera adecuada saber mercado,Desarrollo movil
clase interesante,Desarrollo movil
claro preciso,Desarrollo movil
aplicar beneficio,Desarrollo movil
conocer historia rapidamente mejorar empresa,Emprendimiento
organizacion producto organizacion hacer producto,Videojuegos
forma ser funcional racional realista contexto,Realidad Virtual
ahondar proyecto,Desarrollo movil
gusto contrario parecer clara si resolver aprender ayuda,Servidores
clase hoy conocer concepto identificar crecimiento lindo programa manera,Desarrollo movil
ahora hacer crecer hacer gastos,Desarrollo movil
gusto entender analizar palabra,Desarrollo movil
gusto hacer saber hacer futuro hacer innovador,Desarrollo movil
utilizar momento,Desarrollo movil
aprender forma captar,Data Science
aprovechar negocio siempre crecimiento proyecto saber si arreglo momento crecer conocido,Emprendimiento
aprender verdadero significado,Data Science
hacker social perfil navegar,Emprendimiento
responder manera proyecto necesario hacer,Desarrollo movil
debido contacto gente proyecto,Desarrollo movil
gusto clase conocer forma captar atencion gente lograr conocer,Desarrollo movil
gusto ademas atraer cliente producto,Servidores
entender importante empresa,Emprendimiento
tema interesante,Desarrollo movil
responder manera proyecto necesario hacer,Desarrollo movil
innovacion explicacion tema reto hacer propio producto,Servidores
tener enfoque fondo,Desarrollo movil
destacar correcto,Desarrollo movil
ayuda poder crecer,Desarrollo movil
aprender l proyecto,Machine Learning
terminar presentar producto,Videojuegos
gusto poder manera,Desarrollo movil
uso poder hacer crecer empresa,Emprendimiento
nunca hoy gracias,Desarrollo movil
gusto tecnica generalmente ampliar conocer negocio,Data Science
aprender usar proyecto manera mejorar empresa si manera capaz estanque,Data Science
verdad procedimiento buscar crecimiento,Desarrollo movil
uso explicar clase,Desarrollo movil
gusto producto gastar presupuesto ayuda poder usar dinero perfeccionar producto,Frontend
tendencia mercado oportunidad evolucionar negocio,Emprendimiento
gran idea,Desarrollo movil
pata hacer crecer proyecto,Desarrollo movil
voz clara,Desarrollo movil
tema perspectiva ver,Desarrollo movil
gusto saber generar crecimiento empresa,Emprendimiento
prueba salida recordar,Desarrollo movil
poder hablar grupo,Desarrollo movil
saber desarrollar programa uso,Desarrollo movil
marketing aumentar,Desarrollo movil
eficiencia muestra usar,Frontend
teoria resolver plataforma,Data Science
independientemente completar sesion,Servidores
llegar curso,Desarrollo movil
forma comunicar idea,Desarrollo movil
poder marketing desarrollar proyecto,Desarrollo movil
clase tema,Desarrollo movil
uso innovador crear,Desarrollo movil
identificar crecimiento,Desarrollo movil
conocer crecimiento,Desarrollo movil
ahora claro vamos hacer,Desarrollo movil
gusto uso,Desarrollo movil
aprender publicitar proyecto manera,Data Science
tema interesante,Desarrollo movil
explicacion tan clara,Desarrollo movil
saber porque exito,Desarrollo movil
contenido bien clase hoy junto palabras comprension tema,Frontend
manera utilizacion dar ademas obtener trabajar idea base,Servidores
forma empresa,Emprendimiento
